Pen,Page,Bull_Name,Tattoo,Breed,DOB,Registration_Number,CED,BW,WW,YW,RADG,DMI,YH,SC,Doc,HP,CEM,Milk,MW,$EN,MH,CW,Marb,Re,Fat,$M,$B,$C,$W,ACC_CED,ACC_BW,ACC_WW,ACC_YW,ACC_RADG,ACC_DMI,ACC_YH,ACC_SC,ACC_Doc,ACC_HP,ACC_CEM,ACC_Milk,ACC_MW,ACC_MH,ACC_CW,ACC_Marb,ACC_RE,ACC_Fat
1,1,NOBLE M070,070M,Angus,2024-07-21,22730401,11.0,-0.2,75.0,144.0,0.33,0.91,0.8,1.92,21.0,12.7,2.0,49.0,54.0,-22.06,0.1,101.0,2.4,1.14,-0.042,76.94,322.89,469.31,87.42,0.47,0.5,0.5,0.39,0.22,0.5,0.5,0.34,0.42,0.49,0.38,0.42,0.39,0.4,0.32,0.5,0.5,0.29
1,1,RAMBO M048,048M,Angus,2024-05-26,21750101,4.0,-0.6,83.0,166.0,0.21,-0.21,0.7,1.52,8.0,20.1,16.0,29.0,29.0,0.66,0.8,64.0,2.34,1.1,0.047,113.42,273.02,448.38,79.66,0.48,0.5,0.5,0.19,0.5,0.5,0.5,0.5,0.46,0.5,0.42,0.36,0.5,0.46,0.32,0.29,0.5,0.46
1,1,CHANCELLOR M029,029M,Angus,2024-09-27,24885948,13.0,-2.1,65.0,133.0,0.27,0.14,-0.7,1.28,20.0,11.7,17.0,45.0,44.0,-21.42,-1.2,85.0,2.46,0.99,-0.045,75.11,309.7,442.37,80.22,0.5,0.28,0.3,0.33,0.44,0.41,0.49,0.44,0.34,0.4,0.5,0.43,0.5,0.33,0.47,0.5,0.35,0.49
1,1,TURBO M050,050M,Angus,2024-04-25,23368009,13.0,-0.7,92.0,181.0,0.3,0.72,1.2,0.63,22.0,5.4,11.0,29.0,59.0,-16.94,-0.2,94.0,2.33,1.02,-0.006,78.21,305.34,438.01,89.7,0.48,0.48,0.47,0.5,0.46,0.47,0.41,0.5,0.5,0.35,0.41,0.39,0.4,0.4,0.5,0.38,0.41,0.48
1,2,ECLIPSE M097,097M,Angus,2024-06-26,21003259,6.0,-1.4,95.0,148.0,0.29,-0.21,0.1,0.85,43.0,20.6,7.0,39.0,-34.0,26.38,0.7,55.0,1.65,0.58,0.08,158.6,209.84,424.36,105.67,0.5,0.19,0.34,0.36,0.5,0.5,0.5,0.41,0.46,0.5,0.39,0.34,0.5,0.39,0.5,0.5,0.5,0.37
1,2,MAGNUS M069,069M,Angus,2024-10-13,23823220,10.0,-0.8,98.0,107.0,0.26,0.87,-0.0,1.24,33.0,21.5,22.0,17.0,17.0,11.78,0.1,69.0,1.25,1.44,0.113,138.86,181.37,416.65,84.9,0.5,0.46,0.41,0.33,0.4,0.49,0.32,0.5,0.33,0.36,0.24,0.47,0.47,0.49,0.42,0.41,0.5,0.27
1,2,CAESAR M033,033M,Angus,2024-07-18,23635934,1.0,3.1,87.0,85.0,0.28,1.14,1.0,1.88,20.0,19.1,7.0,41.0,42.0,-15.6,0.9,107.0,1.35,0.57,0.027,111.61,225.08,415.45,82.26,0.18,0.37,0.42,0.24,0.38,0.5,0.44,0.43,0.35,0.47,0.5,0.41,0.5,0.48,0.32,0.5,0.47,0.4
1,2,ATLAS M031,031M,Angus,2024-10-08,20011730,4.0,1.1,90.0,117.0,0.35,1.32,1.1,2.01,21.0,21.1,17.0,33.0,11.0,3.88,-0.0,107.0,0.83,0.52,0.067,140.08,203.05,412.78,88.46,0.28,0.27,0.32,0.5,0.44,0.33,0.3,0.24,0.35,0.33,0.2,0.46,0.15,0.3,0.21,0.43,0.45,0.38
1,3,ZEUS M056,056M,Angus,2024-09-15,24402378,16.0,3.5,62.0,116.0,0.25,2.63,0.1,1.51,6.0,9.6,12.0,26.0,41.0,-5.61,0.8,68.0,2.59,1.12,0.024,68.46,262.64,411.14,55.64,0.45,0.5,0.4,0.32,0.34,0.44,0.48,0.5,0.31,0.43,0.38,0.38,0.41,0.3,0.36,0.5,0.27,0.29
1,3,INTERSTATE M079,079M,Angus,2024-04-27,21823406,1.0,1.3,93.0,167.0,0.22,2.06,0.8,0.5,35.0,12.9,14.0,27.0,37.0,-6.42,0.6,84.0,1.84,0.35,0.018,111.78,229.89,409.6,95.42,0.49,0.5,0.5,0.47,0.34,0.47,0.5,0.47,0.24,0.5,0.5,0.25,0.36,0.5,0.5,0.44,0.4,0.41
2,3,SCOUT M008,008M,Angus,2024-09-09,22938959,8.0,2.4,58.0,89.0,0.37,0.83,0.2,-0.44,29.0,22.2,9.0,47.0,106.0,-48.45,0.6,76.0,1.82,1.45,0.04,62.27,247.88,403.56,73.84,0.47,0.43,0.43,0.3,0.3,0.38,0.33,0.28,0.39,0.34,0.34,0.5,0.28,0.37,0.15,0.29,0.32,0.43
2,3,LANCE M068,068M,Angus,2024-06-01,20031383,9.0,-3.5,76.0,85.0,0.38,2.26,0.6,1.6,20.0,3.2,16.0,30.0,151.0,-61.73,1.2,111.0,2.44,0.54,0.078,12.53,279.12,399.63,88.14,0.3,0.15,0.15,0.36,0.18,0.35,0.19,0.37,0.15,0.15,0.28,0.19,0.15,0.23,0.15,0.15,0.21,0.38
2,4,CASCADE M095,095M,Angus,2024-07-07,23272211,14.0,-1.3,65.0,182.0,0.25,1.24,0.5,1.48,31.0,5.8,5.0,40.0,32.0,-9.22,0.2,83.0,1.65,0.91,0.011,66.16,265.25,394.77,79.59,0.5,0.4,0.37,0.22,0.47,0.5,0.43,0.36,0.44,0.36,0.32,0.42,0.32,0.45,0.4,0.2,0.49,0.33
2,4,NITRO M044,044M,Angus,2024-10-01,21929915,13.0,2.2,100.0,148.0,0.18,1.75,0.3,1.87,16.0,21.9,7.0,18.0,54.0,-6.25,0.9,86.0,1.08,1.5,-0.045,121.14,212.61,393.63,81.09,0.5,0.5,0.43,0.4,0.5,0.29,0.45,0.5,0.5,0.5,0.39,0.39,0.38,0.5,0.5,0.45,0.5,0.41
2,4,GRANITE M077,077M,Angus,2024-06-10,24601422,15.0,1.3,117.0,154.0,0.25,1.9,0.5,0.3,25.0,18.9,9.0,15.0,76.0,-18.63,-0.1,55.0,2.18,0.79,0.058,121.05,198.37,390.89,95.95,0.44,0.5,0.28,0.32,0.32,0.28,0.43,0.34,0.5,0.29,0.32,0.36,0.5,0.5,0.48,0.18,0.45,0.38
2,4,POWER M046,046M,Angus,2024-07-24,21204122,20.0,0.6,43.0,116.0,0.26,1.03,0.2,0.34,37.0,21.9,17.0,40.0,89.0,-39.12,0.5,79.0,1.39,0.95,0.012,59.33,253.85,388.6,54.16,0.47,0.5,0.5,0.5,0.41,0.35,0.5,0.43,0.5,0.34,0.5,0.37,0.41,0.41,0.5,0.48,0.36,0.5
2,5,TETON M089,089M,Angus,2024-05-18,20738253,14.0,4.3,65.0,130.0,0.25,0.44,1.0,0.94,38.0,14.4,18.0,32.0,76.0,-24.35,0.4,44.0,2.34,0.71,-0.008,69.58,246.86,388.17,66.42,0.5,0.39,0.38,0.43,0.5,0.25,0.37,0.34,0.44,0.48,0.5,0.5,0.36,0.39,0.49,0.5,0.37,0.37
2,5,HIGHLAND M078,078M,Angus,2024-07-30,22414319,8.0,-4.4,75.0,167.0,0.43,1.56,0.9,1.29,23.0,5.6,14.0,26.0,3.0,13.45,0.2,61.0,1.85,0.84,0.028,95.42,232.69,386.82,82.9,0.45,0.17,0.15,0.29,0.42,0.23,0.18,0.26,0.5,0.39,0.35,0.45,0.37,0.27,0.37,0.39,0.2,0.48
2,5,NEVADA M084,084M,Angus,2024-05-17,22388484,9.0,-1.1,108.0,173.0,0.22,1.8,0.7,2.2,14.0,13.1,18.0,11.0,151.0,-54.47,0.7,95.0,1.66,1.57,0.021,65.77,251.49,385.74,83.76,0.24,0.17,0.42,0.19,0.19,0.16,0.35,0.26,0.23,0.15,0.23,0.32,0.2,0.27,0.31,0.15,0.18,0.29
2,5,USHER M090,090M,Angus,2024-07-09,22973764,10.0,4.7,117.0,126.0,0.39,0.71,1.5,-0.75,31.0,13.2,7.0,21.0,33.0,1.06,0.9,106.0,0.6,0.15,0.044,126.92,181.91,380.33,88.89,0.26,0.29,0.37,0.34,0.23,0.22,0.46,0.32,0.21,0.32,0.15,0.24,0.35,0.15,0.15,0.41,0.26,0.15
3,6,ELITE M061,061M,Angus,2024-09-06,23473866,9.0,4.7,85.0,145.0,0.43,1.42,1.1,0.81,23.0,12.6,5.0,12.0,37.0,4.82,1.1,111.0,0.08,1.26,-0.016,90.64,205.17,380.18,58.53,0.26,0.47,0.32,0.34,0.47,0.45,0.42,0.5,0.15,0.42,0.28,0.5,0.28,0.47,0.44,0.37,0.35,0.46
3,6,GUARDIAN M037,037M,Angus,2024-05-24,21165651,1.0,-5.6,51.0,155.0,0.33,1.46,-0.7,0.09,6.0,7.8,6.0,18.0,126.0,-45.85,-0.0,111.0,1.92,0.29,0.003,11.33,311.27,376.46,58.71,0.37,0.26,0.27,0.18,0.36,0.15,0.17,0.28,0.19,0.29,0.28,0.19,0.22,0.2,0.35,0.2,0.26,0.22
3,6,BLAZE M020,020M,Angus,2024-08-04,21607327,1.0,3.8,107.0,140.0,0.25,2.2,1.0,2.88,15.0,14.0,15.0,35.0,-13.0,13.22,0.8,63.0,1.59,0.46,0.068,145.8,167.84,374.37,97.44,0.24,0.2,0.26,0.3,0.5,0.15,0.48,0.23,0.19,0.23,0.38,0.16,0.39,0.41,0.44,0.21,0.34,0.39
3,6,COLONEL M027,027M,Angus,2024-09-21,23269159,13.0,2.1,102.0,174.0,0.39,1.96,1.0,-0.03,31.0,11.9,11.0,33.0,46.0,-15.19,1.5,101.0,0.38,0.89,-0.061,110.68,196.64,374.27,92.95,0.39,0.35,0.39,0.39,0.31,0.23,0.5,0.34,0.38,0.37,0.28,0.22,0.35,0.17,0.25,0.34,0.32,0.38
3,7,HUNTER M064,064M,Angus,2024-04-28,22627564,9.0,-2.8,66.0,124.0,0.17,1.22,0.6,2.07,7.0,12.8,2.0,37.0,42.0,-12.99,1.5,80.0,1.51,1.52,-0.006,76.21,243.81,372.58,81.06,0.32,0.15,0.4,0.2,0.35,0.23,0.17,0.34,0.19,0.44,0.22,0.19,0.23,0.2,0.28,0.42,0.15,0.37
3,7,MAVERICK M018,018M,Angus,2024-06-25,22985912,21.0,-2.3,61.0,152.0,0.34,-0.06,-0.3,0.99,7.0,17.4,18.0,42.0,54.0,-18.46,0.5,88.0,1.03,0.81,-0.009,84.18,256.66,372.5,84.51,0.33,0.19,0.39,0.32,0.5,0.26,0.38,0.38,0.41,0.15,0.15,0.37,0.47,0.35,0.47,0.41,0.33,0.25
3,7,MARSHAL M025,025M,Angus,2024-09-28,22836711,1.0,-0.7,93.0,109.0,0.28,2.19,-0.2,-0.7,10.0,25.4,2.0,14.0,46.0,-1.67,1.4,64.0,1.4,1.06,-0.03,121.77,174.49,368.2,74.77,0.4,0.36,0.5,0.21,0.27,0.38,0.46,0.3,0.26,0.36,0.48,0.31,0.25,0.25,0.39,0.43,0.3,0.42
3,7,GLACIER M099,099M,Angus,2024-07-17,23576572,10.0,0.5,90.0,146.0,0.28,1.14,-0.0,0.69,22.0,9.5,21.0,33.0,75.0,-23.58,0.4,65.0,1.62,1.22,0.01,75.28,217.18,367.55,89.98,0.34,0.39,0.5,0.5,0.38,0.5,0.5,0.26,0.47,0.5,0.28,0.34,0.43,0.5,0.49,0.41,0.44,0.33
3,8,ALTITUDE M093,093M,Angus,2024-04-25,20477790,15.0,-0.9,82.0,178.0,0.26,1.8,-0.0,0.6,35.0,15.8,9.0,47.0,66.0,-28.13,0.3,111.0,0.71,0.92,0.065,84.9,240.64,366.01,97.25,0.25,0.27,0.44,0.33,0.25,0.41,0.49,0.28,0.3,0.34,0.37,0.27,0.15,0.42,0.25,0.5,0.32,0.42
3,8,HORIZON M100,100M,Angus,2024-05-01,23619264,6.0,2.4,50.0,192.0,0.25,1.5,0.8,0.56,43.0,15.9,16.0,24.0,103.0,-34.79,0.1,66.0,1.51,1.28,0.055,44.14,255.25,362.93,46.41,0.5,0.29,0.49,0.5,0.41,0.44,0.33,0.46,0.41,0.28,0.36,0.29,0.5,0.48,0.3,0.45,0.37,0.5
4,8,CHIEF M002,002M,Angus,2024-09-01,21246396,13.0,-3.1,92.0,146.0,0.33,1.26,-0.1,1.48,46.0,13.1,18.0,24.0,16.0,7.49,-0.3,15.0,2.25,0.47,-0.056,117.71,169.68,362.14,91.36,0.29,0.45,0.15,0.44,0.22,0.33,0.5,0.36,0.29,0.38,0.28,0.38,0.27,0.39,0.28,0.28,0.23,0.39
4,8,BADLANDS M072,072M,Angus,2024-05-03,21890242,18.0,-2.8,104.0,170.0,0.43,0.6,1.2,0.98,27.0,5.8,21.0,28.0,119.0,-46.28,1.3,89.0,1.15,0.61,-0.043,59.15,223.65,354.11,98.17,0.41,0.33,0.32,0.18,0.24,0.39,0.39,0.3,0.22,0.35,0.35,0.41,0.17,0.31,0.43,0.19,0.38,0.21
4,9,THUNDER M019,019M,Angus,2024-07-07,22884767,19.0,2.8,108.0,161.0,0.32,2.59,0.1,0.02,12.0,15.2,12.0,27.0,55.0,-11.51,-0.5,92.0,0.56,1.55,0.023,119.25,175.84,353.52,93.21,0.44,0.45,0.5,0.46,0.5,0.36,0.38,0.43,0.42,0.5,0.5,0.39,0.38,0.5,0.29,0.34,0.5,0.32
4,9,APOLLO M057,057M,Angus,2024-09-20,23339018,15.0,2.4,42.0,157.0,0.4,0.82,-0.0,2.26,19.0,12.1,5.0,40.0,32.0,-12.06,-0.1,111.0,0.48,0.37,0.003,56.42,257.98,351.57,55.5,0.33,0.28,0.36,0.15,0.5,0.37,0.28,0.29,0.5,0.45,0.4,0.5,0.43,0.48,0.45,0.29,0.5,0.4
4,9,QUANTUM M047,047M,Angus,2024-06-16,24482780,15.0,1.6,73.0,144.0,0.25,1.78,-0.3,0.09,6.0,19.4,17.0,36.0,62.0,-19.06,0.7,52.0,1.54,1.26,0.087,91.28,193.43,343.81,80.2,0.36,0.45,0.4,0.5,0.43,0.5,0.44,0.21,0.24,0.45,0.31,0.5,0.5,0.47,0.37,0.41,0.5,0.47
4,9,IRON M039,039M,Angus,2024-07-23,20400389,18.0,3.4,67.0,155.0,0.29,2.09,0.7,2.05,33.0,7.9,19.0,34.0,151.0,-67.76,0.4,91.0,1.31,1.52,0.055,15.27,252.31,343.78,68.3,0.36,0.36,0.21,0.45,0.5,0.5,0.19,0.5,0.26,0.3,0.28,0.44,0.24,0.35,0.27,0.23,0.4,0.42
4,10,FRONTIER M076,076M,Angus,2024-06-23,23087034,3.0,-1.1,53.0,192.0,0.38,0.69,1.5,1.54,6.0,17.0,4.0,31.0,46.0,-11.96,1.5,62.0,1.29,0.76,-0.038,69.87,243.46,342.98,65.32,0.37,0.15,0.21,0.15,0.2,0.24,0.22,0.3,0.44,0.2,0.17,0.37,0.15,0.22,0.15,0.15,0.2,0.15
4,10,EMPEROR M030,030M,Angus,2024-08-12,22309167,13.0,0.4,81.0,188.0,0.32,2.67,0.3,0.86,17.0,14.0,18.0,19.0,77.0,-22.36,-0.4,19.0,2.63,0.49,0.006,82.11,208.55,339.45,65.68,0.35,0.15,0.21,0.15,0.46,0.35,0.28,0.35,0.25,0.21,0.38,0.18,0.22,0.33,0.15,0.5,0.34,0.39
4,10,LAKOTA M082,082M,Angus,2024-10-05,24780523,11.0,-1.4,85.0,168.0,0.27,0.69,0.1,1.44,8.0,5.5,11.0,46.0,-4.0,8.71,0.0,36.0,1.93,0.54,0.045,105.73,194.5,339.08,97.55,0.44,0.35,0.25,0.34,0.38,0.5,0.5,0.5,0.42,0.5,0.46,0.5,0.34,0.43,0.5,0.32,0.5,0.45
4,10,JUSTICE M022,022M,Angus,2024-07-23,21555089,7.0,-2.3,61.0,161.0,0.41,2.62,0.6,2.88,37.0,10.5,9.0,34.0,96.0,-36.88,0.3,61.0,1.5,1.01,-0.061,42.34,220.45,329.66,72.82,0.4,0.15,0.42,0.3,0.27,0.15,0.32,0.36,0.36,0.2,0.32,0.24,0.31,0.44,0.5,0.39,0.34,0.33
5,11,FORTRESS M036,036M,Angus,2024-05-04,21751722,12.0,2.8,60.0,89.0,0.34,0.86,0.4,1.06,19.0,12.4,9.0,13.0,-5.0,25.0,0.5,41.0,1.08,0.96,-0.038,93.82,172.94,328.43,43.0,0.5,0.49,0.26,0.49,0.5,0.39,0.5,0.49,0.46,0.43,0.5,0.4,0.5,0.45,0.48,0.37,0.38,0.34
5,11,CANYON M073,073M,Angus,2024-07-09,24442946,14.0,-0.1,84.0,132.0,0.29,2.17,0.3,-0.03,29.0,17.9,20.0,34.0,21.0,-0.63,-0.7,42.0,1.47,0.55,0.105,120.65,156.95,327.38,82.75,0.35,0.5,0.2,0.46,0.36,0.42,0.45,0.42,0.5,0.35,0.22,0.17,0.43,0.35,0.5,0.39,0.38,0.4
5,11,ALPINE M071,071M,Angus,2024-08-14,20389972,18.0,1.4,51.0,130.0,0.33,-0.21,1.0,1.39,15.0,13.2,10.0,43.0,58.0,-22.14,0.4,28.0,2.22,0.14,0.013,53.07,227.32,324.76,69.42,0.23,0.38,0.24,0.33,0.42,0.43,0.44,0.29,0.5,0.45,0.43,0.5,0.33,0.5,0.42,0.45,0.33,0.5
5,11,WYOMING M092,092M,Angus,2024-09-24,21540885,11.0,2.0,50.0,173.0,0.22,1.25,0.4,0.75,31.0,25.8,13.0,33.0,75.0,-27.87,0.2,26.0,1.61,0.41,-0.049,82.14,205.93,323.63,53.74,0.4,0.48,0.41,0.5,0.43,0.36,0.26,0.49,0.44,0.3,0.31,0.38,0.32,0.4,0.5,0.32,0.5,0.5
5,12,DUKE M003,003M,Angus,2024-07-30,23190273,7.0,1.9,78.0,162.0,0.39,2.1,0.2,2.23,9.0,14.1,6.0,25.0,100.0,-33.4,0.5,88.0,0.79,1.13,0.043,61.24,199.62,323.11,70.01,0.5,0.36,0.38,0.35,0.31,0.5,0.3,0.44,0.45,0.32,0.46,0.5,0.5,0.5,0.5,0.5,0.47,0.38
5,12,MONTANA M083,083M,Angus,2024-05-02,24186076,13.0,2.2,63.0,114.0,0.28,1.24,0.9,1.1,29.0,14.9,17.0,35.0,20.0,-1.11,-0.5,39.0,1.41,0.43,0.036,92.08,158.38,322.76,72.25,0.16,0.5,0.31,0.5,0.5,0.41,0.5,0.37,0.44,0.47,0.45,0.41,0.47,0.28,0.5,0.26,0.42,0.4
5,12,PRINCE M006,006M,Angus,2024-04-23,23155046,15.0,2.3,79.0,156.0,0.38,1.69,0.0,0.15,29.0,16.9,9.0,28.0,118.0,-43.13,0.4,23.0,2.4,0.56,0.077,60.69,198.03,321.59,75.26,0.42,0.45,0.34,0.46,0.5,0.45,0.47,0.34,0.47,0.42,0.5,0.37,0.38,0.5,0.35,0.5,0.43,0.39
5,12,CAPTAIN M012,012M,Angus,2024-08-25,24964777,9.0,0.1,71.0,146.0,0.37,0.77,0.9,0.09,21.0,14.3,2.0,30.0,7.0,9.92,0.2,70.0,0.55,0.51,0.067,98.23,175.75,320.76,69.91,0.22,0.42,0.37,0.5,0.34,0.33,0.45,0.33,0.38,0.26,0.44,0.5,0.3,0.36,0.48,0.49,0.3,0.37
5,13,BASIN M094,094M,Angus,2024-08-19,22253679,10.0,-0.1,45.0,136.0,0.36,2.55,0.5,-0.1,24.0,22.7,10.0,20.0,46.0,-2.22,-0.1,54.0,0.77,1.07,0.09,82.97,169.8,318.67,45.18,0.32,0.27,0.32,0.4,0.36,0.42,0.5,0.48,0.38,0.5,0.41,0.46,0.27,0.5,0.5,0.28,0.25,0.44
5,13,DESERT M096,096M,Angus,2024-05-15,21079668,10.0,1.9,81.0,153.0,0.18,2.85,0.2,2.13,29.0,12.9,6.0,20.0,106.0,-37.09,0.2,46.0,1.97,0.98,0.023,49.54,195.33,314.33,65.72,0.5,0.15,0.26,0.31,0.38,0.19,0.35,0.31,0.37,0.46,0.35,0.39,0.35,0.43,0.15,0.15,0.33,0.21
6,13,MAJOR M005,005M,Angus,2024-07-20,22301369,1.0,-1.0,108.0,125.0,0.43,0.3,0.4,1.63,21.0,16.9,14.0,16.0,68.0,-14.99,0.1,34.0,0.97,1.47,0.034,112.29,136.4,308.84,85.84,0.47,0.48,0.4,0.38,0.5,0.49,0.19,0.5,0.36,0.49,0.5,0.35,0.5,0.18,0.4,0.41,0.38,0.34
6,13,LIBERTY M042,042M,Angus,2024-06-08,20997645,2.0,0.2,64.0,92.0,0.37,3.02,0.8,1.78,27.0,9.5,17.0,38.0,73.0,-26.55,-0.1,67.0,1.3,0.78,-0.061,57.58,181.24,308.39,78.36,0.46,0.5,0.5,0.49,0.5,0.5,0.44,0.42,0.42,0.5,0.43,0.45,0.43,0.42,0.5,0.39,0.5,0.48
6,14,JASPER M080,080M,Angus,2024-05-23,20212010,8.0,-2.2,63.0,153.0,0.41,1.76,1.0,1.3,15.0,16.1,12.0,26.0,118.0,-41.04,0.4,77.0,0.74,0.98,0.046,46.39,203.65,307.91,61.86,0.29,0.31,0.39,0.46,0.45,0.32,0.15,0.4,0.19,0.37,0.32,0.2,0.36,0.42,0.29,0.2,0.27,0.3
6,14,TITAN M009,009M,Angus,2024-04-21,20758804,11.0,-3.6,113.0,129.0,0.29,2.36,0.6,-0.35,17.0,12.4,3.0,27.0,126.0,-44.99,1.2,51.0,1.97,0.88,-0.001,72.61,174.01,303.65,108.29,0.26,0.5,0.3,0.5,0.44,0.35,0.42,0.5,0.32,0.36,0.41,0.42,0.39,0.5,0.44,0.44,0.5,0.21
6,14,VANGUARD M052,052M,Angus,2024-07-30,23893975,16.0,-1.4,58.0,154.0,0.31,1.03,0.9,0.51,23.0,17.2,22.0,26.0,83.0,-27.82,0.8,40.0,1.33,0.76,0.076,70.51,193.84,301.49,54.63,0.45,0.26,0.38,0.36,0.5,0.45,0.41,0.5,0.36,0.15,0.32,0.3,0.36,0.36,0.5,0.32,0.43,0.4
6,14,KING M004,004M,Angus,2024-04-23,23754358,11.0,-1.2,94.0,138.0,0.3,1.85,0.9,-0.75,19.0,14.3,2.0,22.0,69.0,-18.6,-0.1,72.0,0.9,0.4,0.017,91.07,164.29,297.69,82.76,0.38,0.37,0.5,0.42,0.41,0.5,0.48,0.43,0.42,0.5,0.34,0.16,0.29,0.3,0.5,0.39,0.41,0.47
6,15,DAKOTA M074,074M,Angus,2024-07-05,24889402,16.0,-4.3,87.0,164.0,0.19,0.99,-0.5,1.53,6.0,21.4,3.0,31.0,134.0,-51.79,0.5,69.0,0.84,1.33,0.0,63.8,194.5,292.6,91.1,0.29,0.5,0.5,0.5,0.39,0.31,0.47,0.5,0.39,0.48,0.26,0.39,0.47,0.5,0.42,0.5,0.45,0.47
6,15,STEEL M049,049M,Angus,2024-08-20,21357708,17.0,1.2,86.0,128.0,0.35,0.92,0.9,1.06,22.0,17.6,12.0,24.0,19.0,0.63,0.4,27.0,0.81,1.06,0.029,122.66,122.75,290.16,78.84,0.38,0.25,0.42,0.5,0.47,0.47,0.36,0.35,0.49,0.5,0.39,0.5,0.33,0.43,0.5,0.5,0.5,0.38
6,15,DIESEL M034,034M,Angus,2024-09-07,24899717,9.0,4.2,78.0,102.0,0.26,1.4,1.0,0.24,26.0,15.5,13.0,38.0,35.0,-8.93,1.2,32.0,0.7,0.9,-0.025,97.21,119.43,283.59,71.99,0.15,0.34,0.35,0.36,0.3,0.36,0.19,0.3,0.38,0.2,0.33,0.45,0.46,0.47,0.27,0.15,0.15,0.41
6,15,JUGGERNAUT M040,040M,Angus,2024-10-05,23067634,13.0,-0.5,84.0,138.0,0.28,0.81,-0.3,0.29,21.0,14.0,14.0,33.0,47.0,-13.71,0.1,42.0,1.2,0.12,0.061,97.92,158.1,282.93,84.48,0.4,0.23,0.34,0.49,0.46,0.5,0.47,0.43,0.41,0.26,0.45,0.32,0.34,0.33,0.5,0.5,0.5,0.25
7,16,HERO M017,017M,Angus,2024-07-17,24509214,12.0,2.0,95.0,117.0,0.29,0.75,0.4,0.76,3.0,19.5,9.0,39.0,59.0,-21.67,0.4,25.0,1.38,0.77,0.019,105.59,136.17,282.5,101.41,0.49,0.45,0.46,0.43,0.31,0.42,0.38,0.25,0.42,0.29,0.5,0.25,0.31,0.46,0.29,0.41,0.18,0.25
7,16,BRONCO M058,058M,Angus,2024-07-31,23259571,6.0,2.6,100.0,179.0,0.34,0.32,-0.0,-0.48,12.0,10.2,18.0,21.0,117.0,-42.09,0.6,50.0,0.81,1.18,0.041,68.77,167.54,278.67,82.96,0.43,0.5,0.28,0.32,0.5,0.49,0.45,0.45,0.33,0.25,0.38,0.47,0.36,0.32,0.45,0.5,0.5,0.5
7,16,BRUTUS M032,032M,Angus,2024-06-06,20460283,11.0,-0.0,85.0,172.0,0.19,3.02,-0.2,2.02,1.0,22.6,8.0,23.0,41.0,-2.54,1.0,60.0,0.48,0.96,0.018,116.97,145.97,277.53,69.72,0.36,0.19,0.5,0.24,0.5,0.42,0.43,0.37,0.44,0.3,0.37,0.37,0.5,0.48,0.43,0.33,0.33,0.44
7,16,RANGE M087,087M,Angus,2024-08-20,22279395,13.0,0.5,57.0,85.0,0.2,0.49,0.0,0.56,15.0,10.0,10.0,26.0,7.0,10.94,0.5,26.0,1.35,0.12,-0.008,85.23,144.68,275.83,52.59,0.5,0.42,0.5,0.41,0.5,0.23,0.5,0.5,0.3,0.33,0.5,0.49,0.45,0.42,0.4,0.35,0.42,0.38
7,17,CALIBER M059,059M,Angus,2024-08-17,23676256,11.0,-0.2,59.0,116.0,0.33,0.94,0.0,2.01,17.0,8.3,12.0,11.0,86.0,-21.98,-0.0,29.0,1.57,0.77,0.034,42.3,178.87,274.82,46.56,0.46,0.46,0.15,0.47,0.32,0.18,0.5,0.39,0.29,0.34,0.5,0.4,0.5,0.47,0.36,0.5,0.38,0.36
7,17,EVEREST M075,075M,Angus,2024-06-09,22353536,4.0,-1.4,99.0,139.0,0.23,2.07,0.8,1.29,18.0,7.6,14.0,21.0,84.0,-24.17,0.6,43.0,1.12,1.59,-0.009,73.08,153.19,274.64,85.42,0.33,0.5,0.43,0.36,0.4,0.35,0.32,0.5,0.42,0.23,0.5,0.24,0.34,0.33,0.5,0.5,0.5,0.5
7,17,ULTRA M051,051M,Angus,2024-06-08,21972726,17.0,1.7,75.0,190.0,0.36,1.67,1.1,1.25,46.0,3.6,15.0,14.0,65.0,-9.87,0.7,41.0,0.45,1.28,-0.05,56.79,160.93,273.82,56.9,0.33,0.41,0.36,0.32,0.3,0.4,0.24,0.21,0.27,0.44,0.17,0.21,0.47,0.39,0.32,0.32,0.28,0.3
7,17,REBEL M023,023M,Angus,2024-10-16,20322633,23.0,1.3,87.0,102.0,0.29,0.56,0.9,1.89,10.0,14.3,7.0,35.0,-15.0,19.64,0.3,33.0,0.53,0.85,0.054,126.22,104.38,272.34,84.05,0.15,0.32,0.49,0.2,0.27,0.48,0.5,0.45,0.23,0.18,0.4,0.41,0.23,0.33,0.45,0.19,0.24,0.3
7,18,KAISER M067,067M,Angus,2024-05-19,20469901,23.0,1.2,47.0,148.0,0.22,1.3,0.8,-0.1,23.0,12.5,5.0,17.0,49.0,-4.02,0.3,11.0,1.36,0.97,-0.061,55.48,175.51,269.09,47.26,0.5,0.28,0.19,0.3,0.15,0.46,0.29,0.21,0.32,0.36,0.31,0.19,0.29,0.3,0.47,0.41,0.35,0.3
7,18,KODIAK M081,081M,Angus,2024-06-08,21505969,18.0,-3.3,95.0,110.0,0.21,2.28,-0.6,1.24,17.0,13.2,14.0,21.0,96.0,-32.69,0.5,29.0,1.49,0.79,0.024,80.02,125.14,268.74,85.11,0.24,0.42,0.44,0.39,0.32,0.15,0.29,0.43,0.45,0.41,0.5,0.43,0.29,0.31,0.46,0.3,0.47,0.44
8,18,SERGEANT M026,026M,Angus,2024-06-21,24140049,20.0,-0.8,65.0,137.0,0.3,2.63,0.0,0.77,29.0,21.2,10.0,39.0,96.0,-40.8,0.9,48.0,0.7,1.36,0.022,69.94,158.83,267.92,81.28,0.28,0.37,0.3,0.23,0.18,0.41,0.3,0.38,0.35,0.28,0.41,0.27,0.5,0.41,0.31,0.19,0.28,0.25
8,18,YUKON M055,055M,Angus,2024-09-14,20008633,16.0,0.3,55.0,148.0,0.3,0.92,0.1,2.39,14.0,13.1,9.0,42.0,-37.0,24.11,0.0,11.0,0.93,0.79,0.034,111.3,138.0,267.58,73.64,0.32,0.46,0.35,0.5,0.37,0.3,0.5,0.5,0.34,0.37,0.43,0.31,0.33,0.28,0.5,0.27,0.48,0.4
8,19,BARON M011,011M,Angus,2024-05-20,20760263,14.0,0.3,67.0,128.0,0.32,2.27,0.3,-0.73,10.0,3.2,15.0,25.0,128.0,-48.44,0.1,37.0,1.7,1.32,-0.018,17.81,181.44,266.16,68.51,0.39,0.5,0.43,0.36,0.28,0.45,0.5,0.5,0.39,0.5,0.48,0.5,0.5,0.5,0.15,0.42,0.17,0.47
8,19,VALLEY M091,091M,Angus,2024-08-11,23149187,6.0,1.8,92.0,85.0,0.35,0.82,0.5,0.93,27.0,15.5,13.0,24.0,151.0,-61.81,-0.0,21.0,1.75,0.55,-0.003,49.6,137.68,263.37,74.44,0.39,0.41,0.5,0.42,0.29,0.36,0.4,0.5,0.5,0.46,0.45,0.45,0.32,0.37,0.3,0.38,0.42,0.38
8,19,KNOX M041,041M,Angus,2024-10-15,20117724,18.0,2.4,42.0,120.0,0.26,0.1,0.8,-0.46,20.0,18.0,14.0,30.0,151.0,-62.45,-0.2,49.0,0.56,1.58,0.023,15.53,194.85,263.0,49.14,0.2,0.28,0.3,0.27,0.47,0.31,0.15,0.43,0.37,0.38,0.45,0.4,0.34,0.38,0.2,0.25,0.45,0.29
8,19,PATRIOT M021,021M,Angus,2024-09-13,21350273,18.0,-1.0,69.0,157.0,0.35,1.8,1.2,0.36,27.0,16.2,17.0,14.0,116.0,-39.89,0.5,71.0,0.36,0.31,-0.014,54.12,171.25,259.52,58.88,0.36,0.5,0.5,0.38,0.46,0.47,0.5,0.5,0.42,0.44,0.5,0.36,0.5,0.35,0.27,0.36,0.26,0.5
8,20,SIERRA M088,088M,Angus,2024-08-26,20725252,10.0,-2.0,65.0,136.0,0.23,0.77,0.2,1.77,3.0,13.5,19.0,33.0,138.0,-58.93,-0.2,55.0,1.31,0.3,0.017,40.35,201.47,258.83,72.7,0.22,0.38,0.19,0.39,0.39,0.32,0.48,0.41,0.5,0.5,0.48,0.45,0.4,0.16,0.27,0.41,0.5,0.5
8,20,TROOPER M024,024M,Angus,2024-05-13,23634301,15.0,2.8,60.0,89.0,0.26,0.89,0.7,-0.05,41.0,9.7,6.0,23.0,54.0,-10.06,-0.2,24.0,1.0,1.07,0.031,62.41,140.18,258.51,56.8,0.5,0.4,0.25,0.5,0.44,0.24,0.5,0.48,0.42,0.43,0.5,0.24,0.39,0.46,0.37,0.47,0.3,0.38
8,20,PRAIRIE M086,086M,Angus,2024-08-19,22176345,1.0,-0.2,59.0,145.0,0.25,0.3,0.5,0.31,5.0,11.1,10.0,11.0,135.0,-46.29,1.0,45.0,1.36,0.25,0.024,17.76,200.19,258.19,50.02,0.45,0.32,0.34,0.45,0.5,0.35,0.5,0.4,0.36,0.32,0.5,0.36,0.35,0.37,0.4,0.47,0.45,0.47
8,20,VICTOR M010,010M,Angus,2024-09-12,23887803,7.0,-0.1,70.0,191.0,0.29,1.58,0.1,0.5,21.0,17.1,15.0,27.0,49.0,-11.56,0.6,28.0,0.6,0.93,-0.003,92.7,141.1,256.75,79.55,0.5,0.38,0.5,0.41,0.32,0.3,0.49,0.45,0.42,0.43,0.27,0.41,0.25,0.3,0.45,0.41,0.5,0.5
9,21,WARRIOR M053,053M,Angus,2024-06-04,23945536,4.0,3.0,74.0,165.0,0.21,0.84,0.0,1.34,21.0,11.2,11.0,19.0,128.0,-47.5,0.4,72.0,0.36,0.95,0.01,38.6,185.01,255.51,66.18,0.45,0.5,0.38,0.38,0.28,0.35,0.5,0.45,0.39,0.29,0.46,0.28,0.38,0.32,0.38,0.47,0.44,0.46
9,21,MAGNUM M043,043M,Angus,2024-06-03,22131275,17.0,-0.3,62.0,105.0,0.3,0.99,0.6,0.57,8.0,11.6,10.0,32.0,151.0,-60.39,0.4,57.0,0.79,0.99,0.005,13.13,172.49,249.12,66.81,0.5,0.45,0.29,0.5,0.45,0.28,0.39,0.5,0.46,0.42,0.33,0.3,0.39,0.33,0.33,0.46,0.31,0.5
9,21,OLYMPUS M045,045M,Angus,2024-08-31,21765569,7.0,3.5,42.0,120.0,0.15,0.5,-0.4,1.29,26.0,20.2,9.0,36.0,86.0,-30.4,0.7,25.0,0.68,1.3,0.012,55.1,151.24,242.74,51.19,0.42,0.27,0.28,0.15,0.28,0.15,0.17,0.27,0.17,0.27,0.31,0.15,0.19,0.15,0.25,0.15,0.26,0.15
9,21,GENERAL M014,014M,Angus,2024-07-21,22843044,15.0,0.1,60.0,155.0,0.33,2.14,-0.2,2.11,-2.0,7.4,22.0,25.0,74.0,-21.15,0.3,62.0,0.13,1.03,-0.05,52.39,159.51,242.0,56.26,0.27,0.31,0.49,0.4,0.24,0.2,0.29,0.28,0.43,0.2,0.36,0.22,0.16,0.29,0.5,0.33,0.39,0.38
9,22,XANDER M054,054M,Angus,2024-04-25,23595206,20.0,4.6,99.0,156.0,0.27,1.19,0.7,2.88,3.0,15.1,22.0,32.0,34.0,-0.98,1.1,11.0,0.72,0.63,0.051,120.77,81.64,239.67,85.5,0.29,0.32,0.23,0.19,0.15,0.45,0.2,0.19,0.19,0.16,0.15,0.34,0.15,0.15,0.15,0.15,0.33,0.15
9,22,RANGER M007,007M,Angus,2024-08-24,22272962,13.0,2.1,86.0,185.0,0.41,1.53,1.5,1.66,13.0,8.2,22.0,18.0,137.0,-48.22,0.5,45.0,0.62,0.52,-0.053,37.72,145.4,239.29,71.94,0.17,0.41,0.32,0.23,0.2,0.15,0.17,0.42,0.39,0.32,0.37,0.32,0.15,0.44,0.3,0.35,0.23,0.27
9,22,HERCULES M038,038M,Angus,2024-05-03,21389442,9.0,-1.7,42.0,157.0,0.35,1.21,-0.1,1.47,31.0,15.4,9.0,25.0,136.0,-49.89,0.9,30.0,1.04,0.2,-0.061,17.48,173.72,238.64,49.21,0.35,0.39,0.23,0.46,0.44,0.28,0.24,0.36,0.27,0.38,0.39,0.17,0.48,0.26,0.2,0.37,0.15,0.23
9,22,COMMODORE M028,028M,Angus,2024-07-29,21191473,18.0,2.0,75.0,128.0,0.33,1.71,0.1,0.86,13.0,15.1,9.0,36.0,13.0,0.28,1.1,51.0,-0.37,1.02,0.04,105.51,95.83,236.76,84.73,0.41,0.44,0.45,0.41,0.3,0.5,0.34,0.4,0.42,0.37,0.31,0.48,0.5,0.5,0.29,0.41,0.5,0.39
9,23,ADMIRAL M013,013M,Angus,2024-09-06,20914797,11.0,-4.4,59.0,113.0,0.21,1.48,0.7,1.57,10.0,17.8,8.0,27.0,52.0,-13.86,-0.3,61.0,-0.11,0.78,-0.002,80.37,123.87,236.4,72.23,0.5,0.31,0.44,0.44,0.5,0.37,0.24,0.36,0.44,0.38,0.5,0.39,0.29,0.25,0.5,0.44,0.5,0.43
9,23,JAGUAR M066,066M,Angus,2024-06-27,20671992,8.0,4.7,77.0,108.0,0.29,2.28,1.0,0.7,46.0,15.7,20.0,11.0,79.0,-15.99,0.8,36.0,0.17,1.13,0.056,84.38,79.24,234.16,50.47,0.21,0.25,0.18,0.19,0.15,0.25,0.19,0.39,0.19,0.23,0.39,0.34,0.22,0.19,0.2,0.15,0.15,0.42
10,23,IMPACT M065,065M,Angus,2024-04-24,23270077,18.0,0.5,72.0,110.0,0.39,1.9,-0.5,1.2,28.0,14.6,17.0,35.0,141.0,-59.67,-0.5,41.0,0.75,1.04,0.0,41.83,134.78,223.77,78.96,0.5,0.32,0.37,0.44,0.39,0.48,0.45,0.41,0.5,0.41,0.5,0.25,0.37,0.45,0.5,0.45,0.34,0.26
10,23,GLADIATOR M063,063M,Angus,2024-05-20,23683489,17.0,-3.9,56.0,143.0,0.43,1.47,1.5,0.83,12.0,13.9,12.0,45.0,101.0,-44.64,1.5,37.0,0.12,1.11,-0.052,42.45,129.03,220.65,83.65,0.17,0.15,0.29,0.19,0.15,0.34,0.24,0.18,0.34,0.15,0.3,0.39,0.21,0.19,0.31,0.32,0.28,0.15
10,24,LEGEND M016,016M,Angus,2024-09-25,24025777,17.0,-2.0,67.0,117.0,0.36,1.51,0.5,1.18,24.0,11.2,2.0,31.0,54.0,-8.81,0.1,24.0,0.69,0.56,-0.061,69.21,127.67,219.14,73.51,0.3,0.5,0.5,0.39,0.28,0.31,0.42,0.5,0.49,0.4,0.35,0.42,0.5,0.42,0.39,0.38,0.5,0.35
10,24,ENFORCER M035,035M,Angus,2024-10-04,23498916,11.0,0.9,97.0,124.0,0.24,0.56,-0.3,1.1,-3.0,16.3,2.0,27.0,70.0,-20.48,0.5,42.0,0.21,0.95,0.006,90.4,104.42,216.93,86.9,0.45,0.17,0.5,0.5,0.3,0.41,0.5,0.33,0.47,0.5,0.46,0.37,0.48,0.5,0.48,0.5,0.29,0.32
10,24,ACE M001,001M,Angus,2024-05-09,22726204,13.0,2.6,73.0,127.0,0.17,1.12,1.5,2.88,4.0,5.0,7.0,16.0,133.0,-47.13,1.3,89.0,-0.37,1.59,0.007,22.27,152.0,216.51,56.68,0.33,0.36,0.23,0.15,0.19,0.15,0.16,0.2,0.2,0.26,0.35,0.29,0.15,0.25,0.15,0.15,0.15,0.2
10,24,FOREST M098,098M,Angus,2024-10-05,23763567,7.0,-0.2,74.0,169.0,0.17,0.72,0.3,0.67,8.0,6.9,2.0,32.0,66.0,-19.96,-0.2,27.0,0.95,0.4,0.03,62.49,147.21,213.22,77.54,0.35,0.28,0.27,0.38,0.36,0.38,0.28,0.5,0.36,0.38,0.39,0.44,0.33,0.15,0.18,0.42,0.41,0.37
10,25,OZARK M085,085M,Angus,2024-06-30,23208654,12.0,0.8,99.0,100.0,0.3,0.92,0.1,1.7,9.0,11.3,16.0,11.0,151.0,-51.62,0.1,30.0,0.99,0.72,0.009,53.3,116.72,210.38,74.98,0.4,0.4,0.5,0.25,0.43,0.5,0.42,0.39,0.17,0.19,0.42,0.36,0.5,0.41,0.45,0.5,0.47,0.49
10,25,DOMINATOR M060,060M,Angus,2024-09-13,22237477,13.0,-3.6,52.0,116.0,0.25,1.65,1.5,2.07,33.0,23.9,12.0,27.0,34.0,-0.58,0.5,17.0,-0.17,1.3,0.002,93.81,79.18,209.98,60.93,0.45,0.5,0.47,0.37,0.5,0.35,0.43,0.37,0.36,0.5,0.49,0.41,0.44,0.16,0.34,0.31,0.28,0.39
10,25,FURY M062,062M,Angus,2024-07-25,23414679,10.0,1.2,112.0,177.0,0.26,2.47,0.2,1.01,16.0,3.2,9.0,26.0,151.0,-61.51,1.5,63.0,0.05,1.34,-0.042,40.14,124.31,194.36,99.25,0.5,0.49,0.42,0.5,0.5,0.5,0.24,0.33,0.39,0.5,0.3,0.5,0.5,0.42,0.35,0.42,0.15,0.5
10,25,COMMANDER M015,015M,Angus,2024-09-19,22962341,17.0,1.9,71.0,85.0,0.23,2.67,0.3,2.1,12.0,3.2,18.0,39.0,100.0,-42.09,0.5,28.0,0.73,0.12,-0.048,34.12,91.7,173.32,67.29,0.44,0.36,0.35,0.24,0.33,0.33,0.26,0.43,0.5,0.44,0.36,0.41,0.29,0.21,0.39,0.27,0.29,0.36
